{"cameraMode":{"drawMode":0,"name":"Shaded","section":"Shading Mode"},"sceneLighting":true,"audioPlay":false,"sceneViewState":{"showFog":true,"showMaterialUpdate":false,"showSkybox":true,"showFlares":true,"showImageEffects":true,"showParticleSystems":true},"in2DMode":false,"pivot":{"x":-0.19356726109981538,"y":1.6107292175292969,"z":-4.697859764099121},"rotation":{"x":0.08421147614717484,"y":-0.005988218355923891,"z":0.0004581325629260391,"w":0.9964534044265747},"size":3.4578933715820314,"orthographic":false}