{"cameraMode":{"drawMode":0,"name":"Shaded","section":"Shading Mode"},"sceneLighting":true,"audioPlay":false,"sceneViewState":{"showFog":true,"showMaterialUpdate":false,"showSkybox":true,"showFlares":true,"showImageEffects":true,"showParticleSystems":true},"in2DMode":false,"pivot":{"x":-8.834354400634766,"y":7.686921119689941,"z":7.88515043258667},"rotation":{"x":0.7508757710456848,"y":0.01979871280491352,"z":-0.022533098235726358,"w":0.6597628593444824},"size":0.9342338442802429,"orthographic":false}